Workbook

Sheet count1
A1: 毕业院校 | B1: 1948 | C1: 1955 | D1: 1956 | E1: 1957 | F1: 1980 | G1: 1983 | H1: 1984 | I1: 1985 | J1: 1986 | K1: 1988 | L1: 1989 | M1: 1990 | N1: 1991 | O1: 1992 | P1: 1993 | Q1: 1994 | R1: 1995 | S1: 1997 | T1: 1999 | U1: 2001 | V1: 2003 | W1: 2004 | X1: 2005 | Y1: 2007 | Z1: 2009 | AA1: 2011 | AB1: 2013 | AC1: 2015 | AD1: 2017 | AE1: 2019 | AF1: 2021 | AG1: 2023
A2: 上海同济医工专门学校 | B2: 1 | C2: 0 | D2: 0 | E2: 0 | F2: 0 | G2: 0 | H2: 0 | I2: 0 | J2: 0 | K2: 0 | L2: 0 | M2: 0 | N2: 0 | O2: 0 | P2: 0 | Q2: 0 | R2: 0 | S2: 0 | T2: 0 | U2: 0 | V2: 0 | W2: 0 | X2: 0 | Y2: 0 | Z2: 0 | AA2: 0 | AB2: 0 | AC2: 0 | AD2: 0 | AE2: 0 | AF2: 0
A3: 东京第一高等学校 | B3: 1 | C3: 0 | D3: 0 | E3: 0 | F3: 0 | G3: 0 | H3: 0 | I3: 0 | J3: 0 | K3: 0 | L3: 0 | M3: 0 | N3: 0 | O3: 0 | P3: 0 | Q3: 0 | R3: 0 | S3: 0 | T3: 0 | U3: 0 | V3: 0 | W3: 0 | X3: 0 | Y3: 0 | Z3: 0 | AA3: 0 | AB3: 0 | AC3: 0 | AD3: 0 | AE3: 0 | AF3: 0
A4: 东南大学 | B4: 1 | C4: 4 | D4: 0 | E4: 0 | F4: 1 | G4: 0 | H4: 0 | I4: 0 | J4: 0 | K4: 0 | L4: 0 | M4: 0 | N4: 0 | O4: 0 | P4: 0 | Q4: 0 | R4: 0 | S4: 0 | T4: 0 | U4: 0 | V4: 0 | W4: 0 | X4: 0 | Y4: 0 | Z4: 0 | AA4: 0 | AB4: 0 | AC4: 1 | AD4: 0 | AE4: 0 | AF4: 1
A5: 京师大学 | B5: 1 | C5: 0 | D5: 0 | E5: 0 | F5: 0 | G5: 0 | H5: 0 | I5: 0 | J5: 0 | K5: 0 | L5: 0 | M5: 0 | N5: 0 | O5: 0 | P5: 0 | Q5: 0 | R5: 0 | S5: 0 | T5: 0 | U5: 0 | V5: 0 | W5: 0 | X5: 0 | Y5: 0 | Z5: 0 | AA5: 0 | AB5: 0 | AC5: 0 | AD5: 0 | AE5: 0 | AF5: 0
A6: 农商部地质研究所 | B6: 1 | C6: 0 | D6: 0 | E6: 1 | F6: 0 | G6: 0 | H6: 0 | I6: 0 | J6: 0 | K6: 0 | L6: 0 | M6: 0 | N6: 0 | O6: 0 | P6: 0 | Q6: 0 | R6: 0 | S6: 0 | T6: 0 | U6: 0 | V6: 0 | W6: 0 | X6: 0 | Y6: 0 | Z6: 0 | AA6: 0 | AB6: 0 | AC6: 0 | AD6: 0 | AE6: 0 | AF6: 0
A7: 北京大学 | B7: 3 | C7: 16 | D7: 0 | E7: 3 | F7: 28 | G7: 0 | H7: 0 | I7: 0 | J7: 0 | K7: 0 | L7: 0 | M7: 1 | N7: 21 | O7: 0 | P7: 9 | Q7: 0 | R7: 10 | S7: 14 | T7: 9 | U7: 10 | V7: 5 | W7: 0 | X7: 4 | Y7: 1 | Z7: 2 | AA7: 5 | AB7: 7 | AC7: 3 | AD7: 5 | AE7: 2 | AF7: 5
A8: 南京金陵大学 | B8: 1 | C8: 2 | D8: 0 | E8: 0 | F8: 0 | G8: 0 | H8: 0 | I8: 0 | J8: 0 | K8: 0 | L8: 0 | M8: 0 | N8: 0 | O8: 0 | P8: 0 | Q8: 0 | R8: 0 | S8: 0 | T8: 0 | U8: 0 | V8: 0 | W8: 0 | X8: 0 | Y8: 0 | Z8: 0 | AA8: 0 | AB8: 0 | AC8: 0 | AD8: 0 | AE8: 0 | AF8: 0
A9: 南京高等师范学校 | B9: 5 | C9: 4 | D9: 0 | E9: 0 | F9: 0 | G9: 0 | H9: 0 | I9: 0 | J9: 0 | K9: 0 | L9: 0 | M9: 0 | N9: 0 | O9: 0 | P9: 0 | Q9: 0 | R9: 0 | S9: 0 | T9: 0 | U9: 0 | V9: 0 | W9: 0 | X9: 0 | Y9: 0 | Z9: 0 | AA9: 0 | AB9: 0 | AC9: 0 | AD9: 0 | AE9: 0 | AF9: 0
A10: 南开大学 | B10: 1 | C10: 1 | D10: 0 | E10: 0 | F10: 0 | G10: 0 | H10: 0 | I10: 0 | J10: 0 | K10: 0 | L10: 0 | M10: 0 | N10: 1 | O10: 0 | P10: 1 | Q10: 0 | R10: 1 | S10: 1 | T10: 0 | U10: 0 | V10: 1 | W10: 0 | X10: 2 | Y10: 1 | Z10: 0 | AA10: 0 | AB10: 0 | AC10: 0 | AD10: 1 | AE10: 1 | AF10: 1
A11: 唐山工业专门学校 | B11: 1 | C11: 0 | D11: 0 | E11: 0 | F11: 0 | G11: 0 | H11: 0 | I11: 0 | J11: 0 | K11: 0 | L11: 0 | M11: 0 | N11: 0 | O11: 0 | P11: 0 | Q11: 0 | R11: 0 | S11: 0 | T11: 0 | U11: 0 | V11: 0 | W11: 0 | X11: 0 | Y11: 0 | Z11: 0 | AA11: 0 | AB11: 0 | AC11: 0 | AD11: 0 | AE11: 0 | AF11: 0
A12: 唐山路矿学堂(现西南交通大学) | B12: 1 | C12: 0 | D12: 0 | E12: 0 | F12: 0 | G12: 0 | H12: 0 | I12: 0 | J12: 0 | K12: 0 | L12: 0 | M12: 0 | N12: 0 | O12: 0 | P12: 0 | Q12: 0 | R12: 0 | S12: 0 | T12: 0 | U12: 0 | V12: 0 | W12: 0 | X12: 0 | Y12: 0 | Z12: 0 | AA12: 0 | AB12: 0 | AC12: 0 | AD12: 0 | AE12: 0 | AF12: 0
A13: 复旦大学 | B13: 1 | C13: 2 | D13: 0 | E13: 0 | F13: 0 | G13: 0 | H13: 0 | I13: 0 | J13: 1 | K13: 0 | L13: 0 | M13: 0 | N13: 10 | O13: 0 | P13: 1 | Q13: 0 | R13: 5 | S13: 2 | T13: 3 | U13: 4 | V13: 7 | W13: 0 | X13: 4 | Y13: 2 | Z13: 1 | AA13: 1 | AB13: 3 | AC13: 0 | AD13: 1 | AE13: 0 | AF13: 2
... A155: 东北人民大学 | B155: 0 | C155: 0 | D155: 0 | E155: 0 | F155: 0 | G155: 0 | H155: 0 | I155: 0 | J155: 0 | K155: 0 | L155: 0 | M155: 0 | N155: 0 | O155: 0 | P155: 1 | Q155: 0 | R155: 0 | S155: 0 | T155: 0 | U155: 0 | V155: 0 | W155: 0 | X155: 0 | Y155: 0 | Z155: 0 | AA155: 0 | AB155: 0 | AC155: 0 | AD155: 0 | AE155: 0 | AF155: 0
A156: 云南大学 | B156: 0 | C156: 0 | D156: 0 | E156: 0 | F156: 0 | G156: 0 | H156: 0 | I156: 0 | J156: 0 | K156: 0 | L156: 0 | M156: 0 | N156: 0 | O156: 0 | P156: 1 | Q156: 0 | R156: 0 | S156: 0 | T156: 0 | U156: 0 | V156: 1 | W156: 0 | X156: 0 | Y156: 0 | Z156: 0 | AA156: 0 | AB156: 0 | AC156: 0 | AD156: 1 | AE156: 0 | AF156: 0 | AG156: 1
A157: 军事工程学院 | B157: 0 | C157: 0 | D157: 0 | E157: 0 | F157: 0 | G157: 0 | H157: 0 | I157: 0 | J157: 0 | K157: 0 | L157: 0 | M157: 0 | N157: 0 | O157: 0 | P157: 1 | Q157: 0 | R157: 0 | S157: 0 | T157: 0 | U157: 0 | V157: 0 | W157: 0 | X157: 0 | Y157: 0 | Z157: 0 | AA157: 0 | AB157: 0 | AC157: 0 | AD157: 0 | AE157: 0 | AF157: 0
A158: 列宁格勒大学 | B158: 0 | C158: 0 | D158: 0 | E158: 0 | F158: 0 | G158: 0 | H158: 0 | I158: 0 | J158: 0 | K158: 0 | L158: 0 | M158: 0 | N158: 0 | O158: 0 | P158: 1 | Q158: 0 | R158: 0 | S158: 0 | T158: 0 | U158: 0 | V158: 0 | W158: 0 | X158: 0 | Y158: 0 | Z158: 0 | AA158: 0 | AB158: 0 | AC158: 0 | AD158: 0 | AE158: 0 | AF158: 0
A159: 北京科技大学 | B159: 0 | C159: 0 | D159: 0 | E159: 0 | F159: 0 | G159: 0 | H159: 0 | I159: 0 | J159: 0 | K159: 0 | L159: 0 | M159: 0 | N159: 0 | O159: 0 | P159: 1 | Q159: 0 | R159: 1 | S159: 0 | T159: 0 | U159: 0 | V159: 0 | W159: 0 | X159: 0 | Y159: 0 | Z159: 0 | AA159: 0 | AB159: 0 | AC159: 0 | AD159: 0 | AE159: 0 | AF159: 0
A160: 华东化工学院 | B160: 0 | C160: 0 | D160: 0 | E160: 0 | F160: 0 | G160: 0 | H160: 0 | I160: 0 | J160: 0 | K160: 0 | L160: 0 | M160: 0 | N160: 0 | O160: 0 | P160: 1 | Q160: 0 | R160: 0 | S160: 1 | T160: 1 | U160: 0 | V160: 0 | W160: 0 | X160: 0 | Y160: 0 | Z160: 0 | AA160: 0 | AB160: 0 | AC160: 0 | AD160: 0 | AE160: 0 | AF160: 0
A161: 华南农学院 | B161: 0 | C161: 0 | D161: 0 | E161: 0 | F161: 0 | G161: 0 | H161: 0 | I161: 0 | J161: 0 | K161: 0 | L161: 0 | M161: 0 | N161: 0 | O161: 0 | P161: 1 | Q161: 0 | R161: 0 | S161: 1 | T161: 0 | U161: 0 | V161: 0 | W161: 0 | X161: 0 | Y161: 0 | Z161: 0 | AA161: 0 | AB161: 0 | AC161: 0 | AD161: 0 | AE161: 0 | AF161: 0
A162: 南京农业大学 | B162: 0 | C162: 0 | D162: 0 | E162: 0 | F162: 0 | G162: 0 | H162: 0 | I162: 0 | J162: 0 | K162: 0 | L162: 0 | M162: 0 | N162: 0 | O162: 0 | P162: 1 | Q162: 0 | R162: 0 | S162: 0 | T162: 0 | U162: 0 | V162: 0 | W162: 0 | X162: 0 | Y162: 0 | Z162: 0 | AA162: 0 | AB162: 0 | AC162: 0 | AD162: 0 | AE162: 0 | AF162: 0
A163: 吉林大学 | B163: 0 | C163: 0 | D163: 0 | E163: 0 | F163: 0 | G163: 0 | H163: 0 | I163: 0 | J163: 0 | K163: 0 | L163: 0 | M163: 0 | N163: 0 | O163: 0 | P163: 2 | Q163: 0 | R163: 0 | S163: 0 | T163: 0 | U163: 2 | V163: 0 | W163: 0 | X163: 1 | Y163: 4 | Z163: 1 | AA163: 0 | AB163: 1 | AC163: 3 | AD163: 0 | AE163: 3 | AF163: 3 | AG163: 1
A164: 岭南大学 | B164: 0 | C164: 0 | D164: 0 | E164: 0 | F164: 0 | G164: 0 | H164: 0 | I164: 0 | J164: 0 | K164: 0 | L164: 0 | M164: 0 | N164: 0 | O164: 0 | P164: 1 | Q164: 0 | R164: 0 | S164: 0 | T164: 1 | U164: 0 | V164: 0 | W164: 0 | X164: 0 | Y164: 0 | Z164: 0 | AA164: 0 | AB164: 0 | AC164: 0 | AD164: 0 | AE164: 0 | AF164: 0
A165: 长春东北大学 | B165: 0 | C165: 0 | D165: 0 | E165: 0 | F165: 0 | G165: 0 | H165: 0 | I165: 0 | J165: 0 | K165: 0 | L165: 0 | M165: 0 | N165: 0 | O165: 0 | P165: 1 | Q165: 0 | R165: 0 | S165: 0 | T165: 0 | U165: 0 | V165: 0 | W165: 0 | X165: 0 | Y165: 0 | Z165: 0 | AA165: 0 | AB165: 0 | AC165: 0 | AD165: 0 | AE165: 0 | AF165: 0
A166: 北京医学院 | B166: 0 | C166: 0 | D166: 0 | E166: 0 | F166: 0 | G166: 0 | H166: 0 | I166: 0 | J166: 0 | K166: 0 | L166: 0 | M166: 0 | N166: 0 | O166: 0 | P166: 0 | Q166: 0 | R166: 2 | S166: 0 | T166: 0 | U166: 0 | V166: 0 | W166: 0 | X166: 1 | Y166: 0 | Z166: 0 | AA166: 0 | AB166: 0 | AC166: 0 | AD166: 0 | AE166: 0 | AF166: 0
A167: 北京铁道学院 | B167: 0 | C167: 0 | D167: 0 | E167: 0 | F167: 0 | G167: 0 | H167: 0 | I167: 0 | J167: 0 | K167: 0 | L167: 0 | M167: 0 | N167: 0 | O167: 0 | P167: 0 | Q167: 0 | R167: 1 | S167: 0 | T167: 0 | U167: 0 | V167: 0 | W167: 0 | X167: 0 | Y167: 0 | Z167: 0 | AA167: 0 | AB167: 0 | AC167: 0 | AD167: 0 | AE167: 0 | AF167: 0
A168: 华东水利学院 | B168: 0 | C168: 0 | D168: 0 | E168: 0 | F168: 0 | G168: 0 | H168: 0 | I168: 0 | J168: 0 | K168: 0 | L168: 0 | M168: 0 | N168: 0 | O168: 0 | P168: 0 | Q168: 0 | R168: 1 | S168: 0 | T168: 0 | U168: 0 | V168: 0 | W168: 0 | X168: 0 | Y168: 0 | Z168: 0 | AA168: 0 | AB168: 0 | AC168: 0 | AD168: 0 | AE168: 0 | AF168: 0
A169: 华东纺织工学院 | B169: 0 | C169: 0 | D169: 0 | E169: 0 | F169: 0 | G169: 0 | H169: 0 | I169: 0 | J169: 0 | K169: 0 | L169: 0 | M169: 0 | N169: 0 | O169: 0 | P169: 0 | Q169: 0 | R169: 1 | S169: 0 | T169: 0 | U169: 0 | V169: 0 | W169: 0 | X169: 0 | Y169: 0 | Z169: 0 | AA169: 0 | AB169: 0 | AC169: 0 | AD169: 0 | AE169: 0 | AF169: 0
A170: 台湾东海大学 | B170: 0 | C170: 0 | D170: 0 | E170: 0 | F170: 0 | G170: 0 | H170: 0 | I170: 0 | J170: 0 | K170: 0 | L170: 0 | M170: 0 | N170: 0 | O170: 0 | P170: 0 | Q170: 0 | R170: 1 | S170: 0 | T170: 0 | U170: 0 | V170: 0 | W170: 0 | X170: 0 | Y170: 0 | Z170: 0 | AA170: 0 | AB170: 0 | AC170: 0 | AD170: 0 | AE170: 0 | AF170: 0
A171: 吉林工业大学 | B171: 0 | C171: 0 | D171: 0 | E171: 0 | F171: 0 | G171: 0 | H171: 0 | I171: 0 | J171: 0 | K171: 0 | L171: 0 | M171: 0 | N171: 0 | O171: 0 | P171: 0 | Q171: 0 | R171: 1 | S171: 0 | T171: 0 | U171: 0 | V171: 0 | W171: 0 | X171: 0 | Y171: 0 | Z171: 1 | AA171: 0 | AB171: 0 | AC171: 0 | AD171: 0 | AE171: 0 | AF171: 1
A172: 国立云南大学 | B172: 0 | C172: 0 | D172: 0 | E172: 0 | F172: 0 | G172: 0 | H172: 0 | I172: 0 | J172: 0 | K172: 0 | L172: 0 | M172: 0 | N172: 0 | O172: 0 | P172: 0 | Q172: 0 | R172: 1 | S172: 0 | T172: 0 | U172: 0 | V172: 0 | W172: 0 | X172: 0 | Y172: 0 | Z172: 0 | AA172: 0 | AB172: 0 | AC172: 0 | AD172: 0 | AE172: 0 | AF172: 0
A173: 国立药学专科学校(现中国药科大学) | B173: 0 | C173: 0 | D173: 0 | E173: 0 | F173: 0 | G173: 0 | H173: 0 | I173: 0 | J173: 0 | K173: 0 | L173: 0 | M173: 0 | N173: 0 | O173: 0 | P173: 0 | Q173: 0 | R173: 1 | S173: 1 | T173: 0 | U173: 0 | V173: 0 | W173: 0 | X173: 0 | Y173: 0 | Z173: 0 | AA173: 0 | AB173: 0 | AC173: 0 | AD173: 0 | AE173: 0 | AF173: 0
A174: 国立西北工学院 | B174: 0 | C174: 0 | D174: 0 | E174: 0 | F174: 0 | G174: 0 | H174: 0 | I174: 0 | J174: 0 | K174: 0 | L174: 0 | M174: 0 | N174: 0 | O174: 0 | P174: 0 | Q174: 0 | R174: 1 | S174: 0 | T174: 0 | U174: 0 | V174: 0 | W174: 0 | X174: 0 | Y174: 0 | Z174: 0 | AA174: 0 | AB174: 0 | AC174: 0 | AD174: 0 | AE174: 0 | AF174: 0
A175: 天津大学 | B175: 0 | C175: 0 | D175: 0 | E175: 0 | F175: 0 | G175: 0 | H175: 0 | I175: 0 | J175: 0 | K175: 0 | L175: 0 | M175: 0 | N175: 0 | O175: 0 | P175: 0 | Q175: 0 | R175: 1 | S175: 1 | T175: 0 | U175: 0 | V175: 0 | W175: 0 | X175: 0 | Y175: 0 | Z175: 0 | AA175: 0 | AB175: 0 | AC175: 1 | AD175: 1 | AE175: 2 | AF175: 1
... A359: 重庆医科大学 | B359: 0 | C359: 0 | D359: 0 | E359: 0 | F359: 0 | G359: 0 | H359: 0 | I359: 0 | J359: 0 | K359: 0 | L359: 0 | M359: 0 | N359: 0 | O359: 0 | P359: 0 | Q359: 0 | R359: 0 | S359: 0 | T359: 0 | U359: 0 | V359: 0 | W359: 0 | X359: 0 | Y359: 0 | Z359: 0 | AA359: 0 | AB359: 0 | AC359: 0 | AD359: 0 | AE359: 0 | AF359: 1
B360: =SUM(B2:B359) -> 37 | C360: =SUM(C2:C359) -> 125 | D360: =SUM(D2:D359) -> 1 | E360: =SUM(E2:E359) -> 17 | F360: =SUM(F2:F359) -> 273 | G360: =SUM(G2:G359) -> 1 | H360: =SUM(H2:H359) -> 1 | I360: =SUM(I2:I359) -> 4 | ... AF360: =SUM(AF2:AF359) -> 62

Sheet count2
A1: 毕业院校 | B1: 1948 | C1: 1955 | D1: 1956 | E1: 1957 | F1: 1980 | G1: 1983 | H1: 1984 | I1: 1985 | J1: 1986 | K1: 1988 | L1: 1989 | M1: 1990 | N1: 1991 | O1: 1992 | P1: 1993 | Q1: 1994 | R1: 1995 | S1: 1997 | T1: 1999 | U1: 2001 | V1: 2003 | W1: 2004 | X1: 2005 | Y1: 2007 | Z1: 2009 | AA1: 2011 | AB1: 2013 | AC1: 2015 | AD1: 2017 | AE1: 2019 | AF1: 2021
A2: 上海同济医工专门学校 | B2: 1 | C2: =B2+count1!C2 -> 1 | D2: =C2+count1!D2 -> 1 | E2: =D2+count1!E2 -> 1 | F2: =E2+count1!F2 -> 1 | G2: =F2+count1!G2 -> 1 | H2: =G2+count1!H2 -> 1 | I2: =H2+count1!I2 -> 1 | J2: =I2+count1!J2 -> 1 | ... AF2: =AE2+count1!AF2 -> 1
A3: 东京第一高等学校 | B3: 1 | C3: =B3+count1!C3 -> 1 | D3: =C3+count1!D3 -> 1 | E3: =D3+count1!E3 -> 1 | F3: =E3+count1!F3 -> 1 | G3: =F3+count1!G3 -> 1 | H3: =G3+count1!H3 -> 1 | I3: =H3+count1!I3 -> 1 | J3: =I3+count1!J3 -> 1 | ... AF3: =AE3+count1!AF3 -> 1
A4: 东南大学 | B4: 1 | C4: =B4+count1!C4 -> 5 | D4: =C4+count1!D4 -> 5 | E4: =D4+count1!E4 -> 5 | F4: =E4+count1!F4 -> 6 | G4: =F4+count1!G4 -> 6 | H4: =G4+count1!H4 -> 6 | I4: =H4+count1!I4 -> 6 | J4: =I4+count1!J4 -> 6 | ... AF4: =AE4+count1!AF4 -> 8
A5: 京师大学 | B5: 1 | C5: =B5+count1!C5 -> 1 | D5: =C5+count1!D5 -> 1 | E5: =D5+count1!E5 -> 1 | F5: =E5+count1!F5 -> 1 | G5: =F5+count1!G5 -> 1 | H5: =G5+count1!H5 -> 1 | I5: =H5+count1!I5 -> 1 | J5: =I5+count1!J5 -> 1 | ... AF5: =AE5+count1!AF5 -> 1
A6: 农商部地质研究所 | B6: 1 | C6: =B6+count1!C6 -> 1 | D6: =C6+count1!D6 -> 1 | E6: =D6+count1!E6 -> 2 | F6: =E6+count1!F6 -> 2 | G6: =F6+count1!G6 -> 2 | H6: =G6+count1!H6 -> 2 | I6: =H6+count1!I6 -> 2 | J6: =I6+count1!J6 -> 2 | ... AF6: =AE6+count1!AF6 -> 2
A7: 北京大学 | B7: 3 | C7: =B7+count1!C7 -> 19 | D7: =C7+count1!D7 -> 19 | E7: =D7+count1!E7 -> 22 | F7: =E7+count1!F7 -> 50 | G7: =F7+count1!G7 -> 50 | H7: =G7+count1!H7 -> 50 | I7: =H7+count1!I7 -> 50 | J7: =I7+count1!J7 -> 50 | ... AF7: =AE7+count1!AF7 -> 163
A8: 南京金陵大学 | B8: 1 | C8: =B8+count1!C8 -> 3 | D8: =C8+count1!D8 -> 3 | E8: =D8+count1!E8 -> 3 | F8: =E8+count1!F8 -> 3 | G8: =F8+count1!G8 -> 3 | H8: =G8+count1!H8 -> 3 | I8: =H8+count1!I8 -> 3 | J8: =I8+count1!J8 -> 3 | ... AF8: =AE8+count1!AF8 -> 3
A9: 南京高等师范学校 | B9: 5 | C9: =B9+count1!C9 -> 9 | D9: =C9+count1!D9 -> 9 | E9: =D9+count1!E9 -> 9 | F9: =E9+count1!F9 -> 9 | G9: =F9+count1!G9 -> 9 | H9: =G9+count1!H9 -> 9 | I9: =H9+count1!I9 -> 9 | J9: =I9+count1!J9 -> 9 | ... AF9: =AE9+count1!AF9 -> 9
A10: 南开大学 | B10: 1 | C10: =B10+count1!C10 -> 2 | D10: =C10+count1!D10 -> 2 | E10: =D10+count1!E10 -> 2 | F10: =E10+count1!F10 -> 2 | G10: =F10+count1!G10 -> 2 | H10: =G10+count1!H10 -> 2 | I10: =H10+count1!I10 -> 2 | J10: =I10+count1!J10 -> 2 | ... AF10: =AE10+count1!AF10 -> 13
A11: 唐山工业专门学校 | B11: 1 | C11: =B11+count1!C11 -> 1 | D11: =C11+count1!D11 -> 1 | E11: =D11+count1!E11 -> 1 | F11: =E11+count1!F11 -> 1 | G11: =F11+count1!G11 -> 1 | H11: =G11+count1!H11 -> 1 | I11: =H11+count1!I11 -> 1 | J11: =I11+count1!J11 -> 1 | ... AF11: =AE11+count1!AF11 -> 1
A12: 唐山路矿学堂(现西南交通大学) | B12: 1 | C12: =B12+count1!C12 -> 1 | D12: =C12+count1!D12 -> 1 | E12: =D12+count1!E12 -> 1 | F12: =E12+count1!F12 -> 1 | G12: =F12+count1!G12 -> 1 | H12: =G12+count1!H12 -> 1 | I12: =H12+count1!I12 -> 1 | J12: =I12+count1!J12 -> 1 | ... AF12: =AE12+count1!AF12 -> 1
A13: 复旦大学 | B13: 1 | C13: =B13+count1!C13 -> 3 | D13: =C13+count1!D13 -> 3 | E13: =D13+count1!E13 -> 3 | F13: =E13+count1!F13 -> 3 | G13: =F13+count1!G13 -> 3 | H13: =G13+count1!H13 -> 3 | I13: =H13+count1!I13 -> 3 | J13: =I13+count1!J13 -> 4 | ... AF13: =AE13+count1!AF13 -> 50
... A359: 重庆医科大学 | B359: 0 | C359: =B359+count1!C359 -> 0 | D359: =C359+count1!D359 -> 0 | E359: =D359+count1!E359 -> 0 | F359: =E359+count1!F359 -> 0 | G359: =F359+count1!G359 -> 0 | H359: =G359+count1!H359 -> 0 | I359: =H359+count1!I359 -> 0 | J359: =I359+count1!J359 -> 0 | ... AF359: =AE359+count1!AF359 -> 1

Sheet Sheet2
A1: 毕业院校 | B1: 1948 | C1: 1955 | D1: 1957 | E1: 1980 | F1: 1991 | G1: 1993 | H1: 1995 | I1: 1997 | J1: 1999 | K1: 2001 | L1: 2003 | M1: 2005 | N1: 2007 | O1: 2009 | P1: 2011 | Q1: 2013 | R1: 2015 | S1: 2017 | T1: 2019 | U1: 2021 | V1: 2023
A2: 上海同济医工专门学校 | B2: 1 | C2: 1 | D2: 1 | E2: 1 | F2: 1 | G2: 1 | H2: 1 | I2: 1 | J2: 1 | K2: 1 | L2: 1 | M2: 1 | N2: 1 | O2: 1 | P2: 1 | Q2: 1 | R2: 1 | S2: 1 | T2: 1 | U2: 1
A3: 东京第一高等学校 | B3: 1 | C3: 1 | D3: 1 | E3: 1 | F3: 1 | G3: 1 | H3: 1 | I3: 1 | J3: 1 | K3: 1 | L3: 1 | M3: 1 | N3: 1 | O3: 1 | P3: 1 | Q3: 1 | R3: 1 | S3: 1 | T3: 1 | U3: 1
A4: 东南大学 | B4: 1 | C4: 5 | D4: 5 | E4: 6 | F4: 6 | G4: 6 | H4: 6 | I4: 6 | J4: 6 | K4: 6 | L4: 6 | M4: 6 | N4: 6 | O4: 6 | P4: 6 | Q4: 6 | R4: 7 | S4: 7 | T4: 7 | U4: 8
A5: 京师大学 | B5: 1 | C5: 1 | D5: 1 | E5: 1 | F5: 1 | G5: 1 | H5: 1 | I5: 1 | J5: 1 | K5: 1 | L5: 1 | M5: 1 | N5: 1 | O5: 1 | P5: 1 | Q5: 1 | R5: 1 | S5: 1 | T5: 1 | U5: 1
A6: 农商部地质研究所 | B6: 1 | C6: 1 | D6: 2 | E6: 2 | F6: 2 | G6: 2 | H6: 2 | I6: 2 | J6: 2 | K6: 2 | L6: 2 | M6: 2 | N6: 2 | O6: 2 | P6: 2 | Q6: 2 | R6: 2 | S6: 2 | T6: 2 | U6: 2
A7: 北京大学 | B7: 3 | C7: 19 | D7: 22 | E7: 50 | F7: 72 | G7: 81 | H7: 91 | I7: 105 | J7: 114 | K7: 124 | L7: 129 | M7: 133 | N7: 134 | O7: 136 | P7: 141 | Q7: 148 | R7: 151 | S7: 156 | T7: 158 | U7: 163
A8: 南京金陵大学 | B8: 1 | C8: 3 | D8: 3 | E8: 3 | F8: 3 | G8: 3 | H8: 3 | I8: 3 | J8: 3 | K8: 3 | L8: 3 | M8: 3 | N8: 3 | O8: 3 | P8: 3 | Q8: 3 | R8: 3 | S8: 3 | T8: 3 | U8: 3
A9: 南京高等师范学校 | B9: 5 | C9: 9 | D9: 9 | E9: 9 | F9: 9 | G9: 9 | H9: 9 | I9: 9 | J9: 9 | K9: 9 | L9: 9 | M9: 9 | N9: 9 | O9: 9 | P9: 9 | Q9: 9 | R9: 9 | S9: 9 | T9: 9 | U9: 9
A10: 南开大学 | B10: 1 | C10: 2 | D10: 2 | E10: 2 | F10: 3 | G10: 4 | H10: 5 | I10: 6 | J10: 6 | K10: 6 | L10: 7 | M10: 9 | N10: 10 | O10: 10 | P10: 10 | Q10: 10 | R10: 10 | S10: 11 | T10: 12 | U10: 13
A11: 唐山工业专门学校 | B11: 1 | C11: 1 | D11: 1 | E11: 1 | F11: 1 | G11: 1 | H11: 1 | I11: 1 | J11: 1 | K11: 1 | L11: 1 | M11: 1 | N11: 1 | O11: 1 | P11: 1 | Q11: 1 | R11: 1 | S11: 1 | T11: 1 | U11: 1
A12: 唐山路矿学堂(现西南交通大学) | B12: 1 | C12: 1 | D12: 1 | E12: 1 | F12: 1 | G12: 1 | H12: 1 | I12: 1 | J12: 1 | K12: 1 | L12: 1 | M12: 1 | N12: 1 | O12: 1 | P12: 1 | Q12: 1 | R12: 1 | S12: 1 | T12: 1 | U12: 1
A13: 复旦大学 | B13: 1 | C13: 3 | D13: 3 | E13: 3 | F13: 14 | G13: 15 | H13: 20 | I13: 22 | J13: 25 | K13: 29 | L13: 36 | M13: 40 | N13: 42 | O13: 43 | P13: 44 | Q13: 47 | R13: 47 | S13: 48 | T13: 48 | U13: 50
... A359: 重庆医科大学 | B359: 0 | C359: 0 | D359: 0 | E359: 0 | F359: 0 | G359: 0 | H359: 0 | I359: 0 | J359: 0 | K359: 0 | L359: 0 | M359: 0 | N359: 0 | O359: 0 | P359: 0 | Q359: 0 | R359: 0 | S359: 0 | T359: 0 | U359: 1
B360: 37 | C360: 125 | D360: 17 | E360: 273 | F360: 205 | G360: 60 | H360: 62 | I360: 59 | J360: 55 | K360: 56 | L360: 57 | M360: 50 | N360: 29 | O360: 34 | P360: 50 | Q360: 52 | R360: 61 | S360: 61 | T360: 65 | U360: 62
